month,year_month,to_grid,from_grid,generation net cost,generation credit applied,generation rollover credit,delivery net cost,delivery credit applied,delivery rollover credit,bonus credit applied,bonus rollover credit,grid cost,net cost,savings,cumulative savings,cumulative pge,cumulative net
1,2026-01-01,1.8730000000000047,935.8114449999999,116.29341106730999,0.0915340800000024,-2.192690473634684e-15,148.95979702737998,0.00540505000000735,-7.337880303381894e-15,0.048698000000000116,0.024349000000000058,519.27229923584,333.29872614064,185.97357309520004,-36445.9864269048,519.27229923584,333.29872614064
2,2026-02-01,14.151600999999992,681.882191,83.40766644458999,0.6495278128300015,-4.107825191113079e-15,108.30450521291,0.03680089254999075,1.887379141862766e-15,0.3922906259999998,0.18397081299999987,423.82275455212,245.19773989611,178.62501465601,-36267.36141224879,943.0950537879601,578.49646603675
3,2026-03-01,34.512300999999994,776.252595,93.6982824455,0.9319108157999949,7.771561172376096e-16,122.99714922124,0.05352281381000523,-3.3653635433950058e-15,1.0812906389999997,0.44865991299999985,563.26111931126,275.26805641619,287.99306289507,-35979.36834935372,1506.35617309922,853.76452245294
4,2026-04-01,140.541503,402.998096,45.664562745059996,0.9338103373800024,-1.6653345369377348e-15,62.23602422204,0.011700183000002085,-5.450501161519128e-15,4.102738990999999,1.8270395389999998,461.26971041557,143.92756945226,317.34214096331,-35662.02620839041,1967.62588351479,997.6920919052
5,2026-05-01,119.53179999999999,341.95798099999996,36.69098456034,1.3528523190000001,-1.7763568394002505e-15,52.77267380819,0.041312190999995835,-1.2906342661267445e-15,4.934866338999999,1.5539134,476.22757799742,122.30218207104,353.92539592638,-35308.10081246403,2443.85346151221,1119.99427397624
6,2026-06-01,247.962513,31.279947000000003,0.0,5.392037263860001,4.429073002219997,0.0,4.900003697550001,10.700955317419997,0.0,11.224451406999998,422.6991093648,15.0,407.6991093648,-34900.401703099225,2866.5525708770097,1134.99427397624
7,2026-07-01,195.430712,48.11529100000003,0.0,9.759318372580005,43.84083821805999,0.0,8.285237145150004,9.10888068631999,0.0,18.846249174999997,483.9618300073,15.0,468.9618300073,-34431.43987309193,3350.51440088431,1149.99427397624
8,2026-08-01,294.816106,177.83489100000003,0.0,36.103735183480005,249.94250661801,0.0,30.618553993570007,32.21583689368998,0.0,30.344077309,473.4369025661,15.0,458.4369025661,-33973.00297052583,3823.95130345041,1164.99427397624
9,2026-09-01,281.00680600000004,267.59769,0.0,55.7898516882,1080.1408952828199,0.0,45.48747324361998,0.0,1.352085568880021,39.95125717411998,486.30217649112,15.0,471.30217649112,-33501.70079403471,4310.25347994153,1179.99427397624
10,2026-10-01,84.06830199999999,314.074584,0.0,38.04699510576,1046.2055879803397,3.6665300819000137,4.131155002139998,1.7763568394002505e-15,42.13703302611999,1.092887926,471.11711627174,18.666530081900014,452.45058618983995,-33049.25020784487,4781.37059621327,1198.66080405814
11,2026-11-01,20.179500999999995,576.6836950000001,0.0,71.2337318893,975.9706921333296,90.0741872683,0.09269411674999617,5.6066262743570405e-15,1.6175549519999999,0.26233351299999996,455.62795537329,136.16036465975,319.46759071353995,-32729.782617131328,5236.99855158656,1334.82116871789
12,2026-12-01,0.0,963.64889,0.0,120.88396555304999,855.0867265802797,153.23587687347,0.0,5.6066262743570405e-15,0.26233351299999996,0.0,498.09208803902,222.62207191237002,275.47001612664997,-32454.31260100468,5735.0906396255805,1557.44324063026
1,2027-01-01,1.6375439999999952,937.976341,0.0,121.35360682443441,733.8197982412852,155.26016204317918,0.0054858770400016965,3.892719480091955e-15,0.04257614399999987,0.021288071999999936,540.0431912052736,225.53792972921357,314.50526147606,-32139.80733952862,6275.133830830854,1782.9811703594737
2,2027-02-01,13.708593000000002,683.629839,0.0,87.8648823736528,646.5817215155624,112.74330697876239,0.03487541610000733,-3.427813588530171e-15,0.37771149,0.17821170900000002,440.7756647342048,167.68498958523998,273.0906751489648,-31866.716664379655,6715.909495565059,1950.6661599447136
3,2027-03-01,33.462541,778.982675,0.0,99.42655359180961,548.2481411547128,127.77296137774998,0.07016746087001025,-1.3655743202889425e-14,1.048237775,0.43501303300000005,585.7915640837103,187.66787540196998,398.12368868174036,-31468.592975697913,7301.701059648769,2138.334035346684
4,2027-04-01,138.30255899999995,405.00318400000003,0.0,51.083167115510406,498.5582002381524,62.90914005874241,0.02933342179998988,-3.5388358909926865e-15,4.0308795669999995,1.7979332669999994,479.7204988321928,97.76470027896801,381.9557985532248,-31086.63717714469,7781.421558480962,2236.098735625652
5,2027-05-01,117.60748799999998,344.812837,0.0,43.4414521571472,457.3160685908052,52.053400132295195,0.10553658551999945,-2.9976021664879227e-15,4.855727954999999,1.5288973439999998,495.2766811173168,82.534181603016,412.7424995143008,-30673.89467763039,8276.698239598278,2318.632917228668
6,2027-06-01,244.23776399999997,32.33036600000001,0.0,5.796032830723202,462.991630337852,0.0,5.267133907256001,12.100168741513995,0.0,11.054170139999998,439.607073739392,15.0,424.607073739392,-30249.287603890996,8716.305313337669,2333.632917228668
7,2027-07-01,200.82499799999997,58.675369000000025,0.0,12.191162012567204,514.2138092704747,0.0,10.397659391288006,8.792507407205989,0.0,18.886345061999997,503.320303207592,15.0,488.320303207592,-29760.967300683405,9219.625616545261,2348.632917228668
8,2027-08-01,292.683142,180.14733900000002,0.0,37.8784148500264,786.9763627415383,0.0,32.182563870787206,30.445250098578782,0.0,30.300987599999996,492.374378668744,15.0,477.374378668744,-29283.59292201466,9711.999995214006,2363.632917228668
9,2027-09-01,278.963574,270.354874,0.0,58.532096114128,1434.9198839296503,0.0,44.69362534931878,0.0,4.475847222350026,36.70471976364997,505.7542635507648,15.0,490.7542635507648,-28792.838658463894,10217.754258764771,2378.632917228668
10,2027-10-01,81.988814,316.58860000000004,0.0,39.885604724160004,1399.0950758281504,9.834303543590032,3.677065903319999,8.881784197001252e-16,38.83642892764997,1.065854582,489.9618009226096,24.834303543590032,465.1274973790196,-28327.711161084877,10707.71605968738,2403.467220772258
11,2027-11-01,18.98726100000002,576.597163,0.0,74.0749040042128,1325.9949437198075,93.7821922053784,0.0999976986799993,1.6792123247455493e-15,1.5595233680000007,0.2468343930000003,473.1957101178216,141.22944695565758,331.966263162164,-27995.744897922712,11180.911769805201,2544.6966677279156
12,2027-12-01,0.0,965.519578,0.0,125.9769201378792,1200.0180235819282,159.7021118058184,0.0,1.6792123247455493e-15,0.2468343930000003,0.0,518.0157715605808,231.4000772919336,286.6156942686472,-27709.12920365407,11698.927541365782,2776.096745019849
1,2028-01-01,1.4030298239999968,940.132577416,0.0,126.50601181090232,1073.5896019836673,161.85069574260726,0.005339271924469813,1.18551002348255e-14,0.03647877542399991,0.018239387711999955,561.6449188534845,234.47963277920994,327.1652860742745,-27381.963917579793,12260.572460219266,3010.576377799059
2,2028-02-01,13.267357032,685.370496408,0.0,91.61634801863833,982.6175304871899,117.57912351870377,0.03979483989721189,-4.163336342344337e-17,0.36319067054399995,0.172475641416,458.40669132357294,174.25487034492335,284.1518209786496,-27097.81209660114,12718.979151542839,3184.8312481439825
3,2028-03-01,32.416980040000006,781.70183468,0.0,103.769491665057,880.2056999649238,133.3900199150541,0.10994750843599377,6.203371150093062e-15,1.015317122456,0.42142074052000006,609.2232266470588,195.32236721854866,413.90085942851016,-26683.911237172633,13328.202378189897,3380.153615362531
4,2028-04-01,136.072570776,407.000251648,0.0,53.38973355922381,828.216216416383,65.99484437009271,0.0374582562755279,-1.672273430841642e-15,3.959307580695999,1.7689434200879997,498.9093187854805,101.99992937686497,396.90938940861554,-26287.00184776402,13827.111696975377,3482.1535447393962
5,2028-05-01,115.695454848,347.660855176,0.0,45.55227189329592,785.2422637665455,54.83598974987806,0.1719916765558409,-2.609024107869118e-15,4.777025246135999,1.5040409130239998,515.0877483620094,86.38362472389075,428.70412363811863,-25858.2977241259,14342.199445337386,3568.537169463287
6,2028-06-01,240.580802592,33.42947192,0.0,6.232798274926479,791.2993544211304,0.0,5.664043681211468,15.058744511959489,0.0,10.886692214112,457.1913566889677,15.0,442.1913566889677,-25416.10636743693,14799.390802026353,3583.537169463287
7,2028-07-01,306.956514712,162.17371134400003,0.0,35.10039155759253,927.7404737155734,0.0,29.932912397715736,7.301057583714229,0.0,22.857996287879995,523.4531153358956,15.0,508.45311533589563,-24907.653252101038,15322.843917362248,3598.537169463287
8,2028-08-01,294.38351784,186.103214936,0.0,39.92716159091687,1278.8341884304393,0.0,33.91685441891677,30.563046922984185,0.0,34.33895348364,512.0693538154937,15.0,497.06935381549374,-24410.583898285542,15834.913271177742,3613.537169463287
9,2028-09-01,277.038573648,271.434987984,0.0,61.09170494691071,1787.708017298707,0.0,44.66704737986866,0.0,6.659608646531318,38.48384920938068,525.9844340927954,15.0,510.98443409279537,-23899.599464192746,16360.897705270538,3628.537169463287
10,2028-10-01,79.91764395200002,319.092559936,0.0,41.80911032383584,1750.1214969794682,10.882811790271404,3.427780491925283,-1.7763568394002505e-15,40.56170795213268,1.0389293713760002,509.56027295951395,25.882811790271404,483.6774611692425,-23415.922003023505,16870.457978230053,3654.419981253558
11,2028-11-01,17.773757048000007,574.680438216,0.0,76.78958352940634,1674.322158393258,97.32240955424662,0.1065332810554338,4.468647674116255e-15,1.5010470546240002,0.2310588416240001,493.4701972486016,146.0708445671923,347.3993526814093,-23068.522650342093,17363.928175478653,3800.49082582075
12,2028-12-01,0.0,967.382783248,0.0,131.28445579287288,1543.037702600385,166.4379650487855,0.0,4.468647674116255e-15,0.2310588416240001,0.0,538.7364024230039,240.5437825004159,298.19261992258805,-22770.330030419507,17902.664577901658,4041.034608321166
1,2029-01-01,1.1694537047040012,942.280188886336,0.0,131.87669588136836,1411.22232500784,168.71882267001908,0.004324672839999266,-1.2711186270220054e-14,0.03040579632230403,0.015202898161152015,584.1107156076239,243.79744768191532,340.3132679257086,-22430.016762493797,18486.775293509283,4284.832056003082
2,2029-02-01,12.827886007872,687.104191186368,0.0,95.52520556583373,1316.2233106097983,122.6344581225141,0.028816966665317523,-4.1598668953923834e-15,0.34872793436582394,0.16676251810233597,476.74295897651587,181.1168193732988,295.6261396032171,-22134.390622890583,18963.5182524858,4465.948875376381
3,2029-03-01,42.192833554496005,832.5992750832,0.0,115.30452174795963,1202.5039412745289,147.6289963071573,0.13489749438727472,-1.2323475573339238e-14,1.263776190519232,0.548506836208448,633.5921557129411,214.47759164598736,419.1145640669538,-21715.276058823627,19597.11040819874,4680.426467022368
4,2029-04-01,121.56050242425597,402.832132531456,0.0,54.930729703212904,1148.8834578317374,68.27822520001982,0.05751727569696641,-3.3792413312028202e-15,3.7090798992391036,1.5802865315153276,518.8656915368997,105.26622494912988,413.5994665877698,-21301.676592235857,20115.97609973564,4785.692691971498
5,2029-05-01,115.29921765363196,349.405086936768,0.0,47.612042297676595,1104.317561371379,57.64692156384627,0.2633613038212914,1.7763568394002505e-15,4.578066190509759,1.4988898294972155,535.6912582964898,90.35776835584633,445.3334899406434,-20856.343102295214,20651.66735803213,4876.050460327344
6,2029-06-01,228.5253656464,16.12682900806403,0.0,3.127057560242657,1112.1920559191274,0.0,2.8417076622114643,16.169042432070842,0.0,10.411379089706815,475.4790109565264,15.0,460.4790109565264,-20395.864091338688,21127.146368988655,4891.050460327344
7,2029-07-01,298.66443927564796,169.97137041465606,0.0,37.846185984618224,1274.4785611680275,0.0,32.42715679585355,8.735632549060988,0.0,22.059292221457085,544.3912399493315,15.0,529.3912399493315,-19866.472851389357,21671.537608937986,4906.050460327344
8,2029-08-01,292.06918419263997,188.58525484025603,0.0,42.00857439250374,1712.249754705823,0.0,35.71183410404137,36.16688655718289,0.0,33.449990404970045,532.5521279681135,15.0,517.5521279681135,-19348.920723421244,22204.0897369061,4921.050460327344
9,2029-09-01,275.277737649472,274.43624146412805,0.0,64.15867838384112,2093.0909515330113,0.0,52.56620762674768,0.0,1.3622995029271294,42.82352267037233,547.0238114565072,15.0,532.0238114565072,-18816.896911964737,22751.113548362606,4936.050460327344
10,2029-10-01,77.87139369574399,321.60313914380805,0.0,43.82358138578449,2053.6193452340262,8.328918503424731,4.339092160246302,0.0,44.84817890646167,1.0123281180446717,529.9426838778945,23.32891850342473,506.6137653744698,-18310.283146590267,23281.056232240502,4959.3793788307685
11,2029-11-01,16.441535259071994,576.3066144784,0.0,80.08568287196066,1974.4887614624104,101.61527070626805,0.12316222090979068,0.0,1.4398080347805435,0.2137399583679359,512.0943595021097,151.9386594925988,360.1557000095109,-17950.127446580755,23793.15059174261,5111.318038323368
12,2029-12-01,0.0,969.238535675008,0.0,136.8138157372664,1837.674945725144,173.45570171579095,0.0,0.0,0.2137399583679359,0.0,560.2858585199241,250.07069347495823,310.21516504496583,-17639.912281535788,24353.436450262536,5361.388731798325
1,2030-01-01,0.6808187105771504,931.2663628362988,0.0,135.4237943574245,1702.291925600296,173.44301374890435,0.0034449426755145396,5.841681305351898e-15,0.0,0.0,607.4751442319289,250.22571906393944,357.24942516798944,-17282.6628563678,24960.911594494464,5611.614450862265
2,2030-02-01,8.710706469927436,691.0233127301233,0.0,100.41805555586954,1602.3354378398656,128.6637364455495,0.03939211108956897,-1.2621848011207248e-14,0.0,0.0,495.8126773355765,189.50807422040083,306.30460311517567,-16976.358253252623,25456.72427183004,5801.122525082666
3,2030-03-01,41.23112302427801,817.0602689068785,0.0,117.60742759296733,1486.2620555227093,151.94526962950428,0.1449235284082988,1.3378187446733136e-14,0.0,0.0,658.9358419414588,221.15123672226244,437.78460521919635,-16538.573648033427,26115.6601137715,6022.273761804928
4,2030-04-01,119.43242193958655,404.87282389835775,0.0,57.4189651532844,1430.5698690746508,75.16296413762066,0.14328018524180663,-4.440892098500626e-16,0.0,0.0,539.6203191983757,117.02331190406888,422.5970072943068,-16115.976640739122,26655.280432969877,6139.297073708996
5,2030-05-01,113.31556519101747,352.153883721021,0.0,49.906074305245156,1384.3198813589636,65.1007679121944,0.39837979946918267,-3.497202527569243e-15,0.0,0.0,557.1189086283493,103.46359995652702,453.65530867182235,-15662.321332067298,27212.399341598226,6242.760673665523
6,2030-06-01,224.6624934358144,16.87132708003175,0.0,3.4022755065724017,1392.7126587988898,0.0,3.0918114520510893,18.88448822303459,0.0,0.0,494.4981713947874,16.11928903572178,478.3788823590656,-15183.942449708233,27706.897512993015,6258.879962701245
7,2030-07-01,296.32340174840317,172.8419774788552,0.0,39.948475933997464,1574.289133671876,0.0,34.253752614133774,14.287924962032534,0.0,0.0,566.1668895473048,26.46679981881958,539.7000897284852,-14644.242359979748,28273.06440254032,6285.346762520065
8,2030-08-01,291.1867593679022,191.9761610518687,0.0,44.36539126747465,2085.4737456080993,0.0,37.764128740604136,45.843364973513545,0.0,11.356283615348186,553.8542130868381,20.16535707277166,533.6888560140663,-14110.553503965682,28826.918615627157,6305.512119592836
9,2030-09-01,262.6324187221811,266.4075666360402,0.0,65.14537610364839,2337.362861082503,0.0,54.62814399219518,10.932264939145782,0.0,21.59894794551325,568.9047639147675,15.0,553.9047639147675,-13556.648740050914,29395.823379541926,6320.512119592836
10,2030-10-01,93.02047155344026,338.39364127662236,0.0,47.99957236840322,2303.6985121146427,21.833955567991115,17.09123553512468,0.0,24.017480205902697,1.2092661301947234,551.1403912330103,36.83395556799111,514.3064356650192,-13042.342304385897,29946.963770774935,6357.346075160827
11,2030-11-01,20.885860468595197,547.781945864679,0.0,79.10499396725584,2225.696497187797,100.0783219844444,0.15890377644034004,6.106226635438361e-16,1.7522985023781987,0.27151618609173755,534.5749295810358,149.66734524438039,384.9075843366554,-12657.434720049241,30481.53870035597,6507.013420405207
12,2030-12-01,0.0,994.1487152934739,0.0,145.77848584209775,2079.918011345699,184.97151358717906,0.0,6.106226635438361e-16,0.27151618609173755,0.0,582.6972928607211,265.65448643602974,317.0428064246913,-12340.39191362455,31064.23599321669,6772.667906841237
1,2031-01-01,0.5619714357348418,933.4951743689536,0.0,141.1938179990357,1938.756343732502,180.81442089417848,0.002837955750464971,-3.4095989920324143e-15,0.0,0.0,631.7741500012061,260.22221436285525,371.5519356383508,-11968.839977986197,31696.010143217896,7032.890121204092
2,2031-02-01,8.136372448047714,692.6626430392027,0.0,104.68631090660972,1834.366932230303,134.1452976483727,0.02371317156234909,-5.8772431366094224e-15,0.0,0.0,515.6451844289996,196.93651680116074,318.7086676278389,-11650.13131035836,32211.655327646895,7229.826638005253
3,2031-03-01,40.27325933618089,819.745889811251,0.0,122.71835109394408,1712.2265507280322,158.65090118226746,0.0430772717829484,-1.2649603586822877e-14,0.0,0.0,685.2932756191171,230.2104050955591,455.08287052355803,-11195.048439834802,32896.94860326601,7460.037043100812
4,2031-04-01,117.49272986382817,407.0852285867644,0.0,60.04367078269143,1652.7244002554858,78.71996071668568,0.026562784150939933,-3.400058012914542e-16,0.0,0.0,561.2051319663108,121.80737032187174,439.397761644439,-10755.650678190363,33458.15373523232,7581.844413422684
5,2031-05-01,111.33984733825336,354.89168531813687,0.0,52.305829076429774,1601.317190593696,68.56764493677419,0.0810571010462553,-3.469446951953614e-15,0.0,0.0,579.4036649734834,108.05388867892651,471.3497762945569,-10284.300901895807,34037.557400205806,7689.89830210161
6,2031-06-01,220.81507271407108,17.612847159711638,0.0,3.6938830322334386,1604.538998729899,0.0,3.3568092412076123,15.30013106106698,0.0,0.0,514.2780982505789,16.21522280286552,498.06287544771334,-9786.238026448093,34551.835498456385,7706.1135249044755
7,2031-07-01,182.0715599999146,71.5568656157006,0.0,16.663514939208525,1644.805061072541,0.0,14.476725390103788,12.921872515112938,0.0,0.0,588.813565129197,19.93716512777635,568.8764000014206,-9217.361626446673,35140.64906358558,7726.050690032252
8,2031-08-01,288.87859035443057,194.4280867716612,0.0,46.657483923878964,2217.6304636297536,0.0,39.742993118891015,48.042861592851644,0.0,0.0,576.0083816103115,28.41483534262992,547.5935462676816,-8669.76808017899,35716.657445195895,7754.4655253748815
9,2031-09-01,259.44500946329237,267.33711291534905,0.0,66.44352498962529,2334.282772539756,0.0,56.19872516283237,12.7065483778834,0.0,0.0,591.6609544713582,33.44529466025784,558.2156598111004,-8111.552420367891,36308.31839966725,7787.910820035139
10,2031-10-01,90.05247308107944,340.56236785951586,0.0,50.23066013527447,2294.3564709732677,46.25997779775314,19.619214859586677,-3.552713678800501e-15,0.0,0.0,573.1860068823307,84.75755042005113,488.4284564622796,-7623.123963905611,36881.50440654958,7872.668370455191
11,2031-11-01,19.904913830720815,558.5041396612203,0.0,83.856160480709,2211.6737341932767,107.9459450178566,0.19768943594401378,-6.38378239159465e-15,0.0,0.0,555.6011397674885,161.48071227363604,394.1204274938524,-7229.0035364117575,37437.10554631707,8034.149082728826
12,2031-12-01,0.0,995.8821723922999,0.0,151.8911564922451,2059.7825777010316,192.98992655795567,0.0,-6.38378239159465e-15,0.0,0.0,606.00518457515,276.70219742956573,329.30298714558427,-6899.700549266174,38043.11073089222,8310.851280158391
1,2032-01-01,0.44359954999190565,935.7150706554777,0.0,147.2072631109053,1912.6022943147568,188.49586897718842,0.0025373894259530516,-5.734995811579324e-15,0.0,0.0,657.0451160012543,270.63926559873937,386.40585040251494,-6513.294698863658,38700.155846893475,8581.490545757131
2,2032-02-01,7.5643357622555385,694.2954160270459,0.0,109.13421735714701,1803.6779499130955,139.855468500459,0.009440864094841572,6.423681031542117e-15,0.0,0.0,536.2709918061596,204.67549807225245,331.5954937339071,-6181.699205129749,39236.426838699634,8786.166043829384
3,2032-03-01,39.31922710283618,822.4207682320059,0.0,128.04815645875095,1676.4351105688754,165.50743797584875,0.07311020234817533,-1.6237011735142914e-15,0.0,0.0,712.7050066438818,239.52126126771898,473.18374537616285,-5708.5154597535875,39949.131845343516,9025.687305097103
4,2032-04-01,115.56079655637288,409.28878365641725,0.0,62.78511825858892,1614.3906871066959,82.29277974599715,0.04697467380989906,-1.9984014443252818e-15,0.0,0.0,583.6533372449632,126.66180456521296,456.9915326797502,-5251.523927073838,40532.78518258848,9152.349109662315
5,2032-05-01,109.37203235690039,357.6185357088643,0.0,54.816035901337024,1560.7179598824448,71.85316833716946,0.09005064874412483,3.247402347028583e-15,0.0,0.0,602.5798115724227,112.51453036428538,490.0652812081373,-4761.4586458656995,41135.364994160904,9264.8636400266
6,2032-06-01,216.9830416752149,18.351401159072772,0.0,4.002728570474379,1564.3213437807567,0.0,3.6374720417960984,15.197817741149475,0.0,0.0,534.849222180602,16.316827574147826,518.5323946064542,-4242.926251259247,41670.214216341505,9281.180467600749
7,2032-07-01,172.73620576718733,67.39076207651014,0.0,16.32905353241022,1611.917884827852,0.0,14.18941763277475,13.063350203153915,0.0,0.0,612.3661077343648,19.835707801053154,592.5303999333117,-3650.395851325935,42282.58032407587,9301.016175401803
8,2032-08-01,279.37736644842846,194.07811776933957,0.0,49.67868831437289,1891.9665158016048,0.0,42.11582353317505,45.48439722051874,0.0,0.0,599.048716874724,28.926316296073395,570.1224005786506,-3080.273450747285,42881.62904095059,9329.942491697877
9,2032-09-01,71.2382498618287,89.95704453952195,0.0,19.92182142821803,1885.3672610470503,0.0,17.97556289882351,31.926273963421117,0.0,0.0,615.3273926502125,21.45497941610426,593.8724132341082,-2486.4010375131766,43496.956433600804,9351.397471113982
10,2032-10-01,86.68666000875515,334.7224195360778,0.0,51.3226193212731,1838.7991060117122,28.265249134659953,39.072503565200165,0.0,0.0,0.0,596.113447157624,67.2836719193785,528.8297752382455,-1957.5712622749343,44093.06988075843,9418.68114303336
11,2032-11-01,18.92789097939795,551.9685434825753,0.0,86.21553764664972,1753.561382285993,111.00025341282335,0.15483222930794227,-2.4424906541753444e-15,0.0,0.0,575.7837244214686,165.60744154083835,410.17628288063025,-1547.394979394303,44668.853605179895,9584.288584574198
12,2032-12-01,0.0,997.6086956627307,0.0,158.2584240471964,1595.3029582387967,201.0587835873081,0.0,-2.4424906541753444e-15,0.0,0.0,630.245391958156,287.64343411459816,342.60195784355784,-1204.793021550744,45299.09899713805,9871.932018688796
1,2033-01-01,0.32570115179193726,937.9260873568559,0.0,153.4743422146172,1441.8435591930238,196.5017158588581,0.0011562390888570917,1.8431436932253575e-15,0.0,0.0,683.3269206413045,281.49584876368056,401.8310718776239,-802.9619496731175,45982.42591777935,10153.427867452478
2,2033-02-01,6.994587223206498,695.9216579229378,0.0,113.76827881588333,1328.2734866601857,145.79094210279254,0.00938171587969805,-1.6306400674181987e-15,0.0,0.0,557.721831478406,212.72513358399132,344.99669789441464,-457.96525177870353,46540.147749257754,10366.15300103647
3,2033-03-01,37.198941051805285,865.771901277724,0.0,140.19490904254448,1188.7733529511986,181.22033457180788,0.06597602611105913,-2.858824288409778e-15,0.0,0.0,741.2132069096372,260.82985374411936,480.3833531655178,22.41810138681467,47281.360956167395,10626.982854780588
4,2033-04-01,104.84238950369277,401.2891624000655,0.0,64.0139413442261,1125.3340893698592,83.92913399229492,0.030249254477766385,-3.5006719745211967e-15,0.0,0.0,606.9994707347618,128.8759361389852,478.12353459577656,500.5416359825904,47888.36042690216,10755.858790919574
5,2033-05-01,104.40132942694974,358.83278149889844,0.0,57.202242657809734,1068.923190073324,75.02194826054266,0.05304398120382814,7.008282842946301e-15,0.0,0.0,626.6830040353196,116.80037967150841,509.88262436381126,1010.4242603464008,48515.043430937476,10872.659170591083
6,2033-06-01,216.34102755293398,7.681232540751985,0.0,1.7424132483426193,1073.494151174045,0.0,1.5834147543385038,16.455733803477074,0.0,0.0,556.2431910678262,15.57322343261115,540.669967635215,1551.0942279816154,49071.286622005304,10888.232394023695
7,2033-07-01,280.6162804224642,187.45108229726029,0.0,48.552431076488354,1177.9225749662426,0.0,41.64868228298789,5.731747391107433,0.0,0.0,636.8607520437394,28.98881654357404,607.8719355001654,2158.966163481782,49708.14737404904,10917.221210567268
8,2033-08-01,279.8554975062193,197.0501782260189,0.0,52.43176759963035,1499.8412526482423,0.0,44.44188044765443,36.73564407607583,0.0,0.0,623.0106655497129,29.70516339143396,593.305502158279,2752.271665640059,50331.158039598755,10946.926373958702
9,2033-09-01,69.27605688638137,93.40254752136386,0.0,21.500273284669383,1493.4723345091722,0.0,19.40484385684566,22.504198008181262,0.0,0.0,639.940488356221,21.970304390704026,617.970183965517,3370.241849605576,50971.09852795498,10968.896678349407
10,2033-10-01,84.34046938872011,336.8738310059335,0.0,53.71903694827898,1444.387608759378,40.85695545837538,29.624446734895372,-3.552713678800501e-15,0.0,0.0,619.9579850439289,80.99666744360644,538.9613176003224,3909.203167205902,51591.056512998905,11049.893345793014
11,2033-11-01,17.954776219480348,559.5992908886451,0.0,90.88775119579574,1354.4929195332363,117.03697121444885,0.16133216407708062,1.6653345369377348e-16,0.0,0.0,599.5753059839615,173.7979027717365,425.77740321222495,4334.980570418127,52190.63181898287,11223.69124856475
12,2033-12-01,0.0,999.3283128400798,0.0,164.88714665206993,1189.6057728811663,209.4625319588897,0.0,1.6653345369377348e-16,0.0,0.0,655.4552076364822,299.03889750342495,356.41631013305727,4691.396880551183,52846.08702661935,11522.730146068176
1,2034-01-01,0.5852705228300512,936.9306097181496,0.0,160.0778876038318,1029.5556914798742,204.18951805580116,0.002305965859960679,-1.011083577973082e-14,0.0,0.0,710.6599974669566,291.9061557134416,418.753841753515,5110.150722304701,53556.74702408631,11814.636301781617
2,2034-02-01,5.506090644730929,693.2640142665873,0.0,117.99812501813292,911.7116223198523,151.0508741707625,0.007467320965503177,-7.0056807577323355e-15,0.0,0.0,580.0307047375422,219.85616946543723,360.174535272105,5470.325257576806,54136.77772882385,12034.492471247053
3,2034-03-01,36.434204784158695,851.0480743451737,0.0,143.09870545125506,769.2602223042709,185.25118557285353,0.06295908253687799,-4.2049697057677804e-15,0.0,0.0,770.8617351860227,266.3023464693976,504.55938871662505,5974.884646293431,54907.63946400987,12300.79481771645
4,2034-04-01,103.04996573646024,403.6048099132475,0.0,66.95932300681798,702.7785327294264,87.79993096647853,0.021721566319868657,-4.888450755302642e-15,0.0,0.0,631.2794495641522,134.1243261937529,497.1551233703993,6472.039769663832,55538.91891357402,12434.919143910203
5,2034-05-01,102.27846811324197,361.3610671009028,0.0,59.9094929272858,643.5991155218259,78.56973394618032,0.05838459855442579,-2.914335439641036e-16,0.0,0.0,651.7503241967324,121.61552678014414,530.1347974165883,7002.174567080423,56190.66923777076,12556.534670690347
6,2034-06-01,212.64642750275019,8.459959006616929,0.0,1.995822201498741,647.28271216499,0.0,1.8136996627496096,16.500173258328427,0.0,0.0,578.4929187105391,15.656590538618133,562.836328171921,7565.010895252344,56769.162156481296,12572.191261228965
7,2034-07-01,166.84847669808437,86.66873203456647,0.0,22.62223955366502,686.3767717315648,0.0,19.671362196891735,9.857722092173574,0.0,0.0,662.3351821254889,21.726494703274312,640.6086874222146,8205.61958267456,57431.49733860679,12593.91775593224
8,2034-08-01,287.8925881327545,207.55767167846466,0.0,57.07243365099919,1054.0476329965722,0.0,48.4919314446976,37.330970432946486,0.0,0.0,647.9310921717015,31.108872789465916,616.8222193822356,8822.441802056797,58079.42843077849,12625.026628721705
9,2034-09-01,82.36211466560901,110.82241358880275,0.0,26.74330365837413,1060.3196887770096,0.0,24.067509059896892,22.814373347955204,0.0,0.0,665.5381078904699,23.60109938739899,641.9370085030708,9464.378810559865,58744.96653866896,12648.627728109104
10,2034-10-01,87.31096042485474,341.57355153142896,0.0,56.628951297362676,1008.0063467892558,44.53546062939132,29.787116279703042,-3.552713678800501e-15,0.0,0.0,644.756304445686,86.04551369256978,558.7107907531163,10023.089601312982,59389.72284311464,12734.673241801675
11,2034-11-01,21.912307463936138,541.7338130614651,0.0,90.90677491249744,918.4815735706543,117.68164660650325,0.27034472591159897,1.942890293094024e-15,0.0,0.0,622.5278699610526,174.72644798526576,447.80142197578687,10470.891023288772,60012.25071307569,12909.39968978694
12,2034-12-01,0.0,1007.5132837437609,0.0,172.59985192840483,745.8817216422494,219.60905862996134,0.0,1.942890293094024e-15,0.0,0.0,681.6734159419416,312.8037270817624,368.86968886017917,10839.76071214895,60693.924129017636,13222.203416868702
1,2035-01-01,0.22976322627977974,938.8024316488181,0.0,166.827391747755,579.065648031021,212.7837781466602,0.001001767666593878,-1.2095359436248287e-14,0.0,0.0,739.0863973656349,303.5601673136757,435.52623005195915,11275.28694220091,61433.010526383274,13525.763584182378
2,2035-02-01,5.213793105915663,695.2331661892846,0.0,123.07949435819933,456.1322251315736,157.5403116053599,0.00750417241098944,5.7419347054832315e-15,0.0,0.0,603.2319329270439,228.6567608037815,374.5751721232624,11649.862114324169,62036.24245931032,13754.42034498616
3,2035-03-01,35.582345565022045,853.6149944237931,0.0,149.2797721392423,307.5968485308973,193.23111038087643,0.07747474736081017,4.3021142204224816e-15,0.0,0.0,801.6962045934636,277.1315092674162,524.5646953260473,12174.426809650213,62837.938663903784,14031.551854253576
4,2035-04-01,101.16374588151436,405.8102290535945,0.0,70.01890350883356,238.0877432043768,91.81256450782858,0.021059858068866788,-5.748873599387139e-15,0.0,0.0,656.5306275467183,139.5679481839373,516.962679362781,12691.389489012996,63494.4692914505,14171.119802437513
5,2035-05-01,100.2297866699833,363.9449279856936,0.0,62.75138191993405,175.8823177027,82.31693876333782,0.04101246210639431,-6.439293542825908e-15,0.0,0.0,677.8203371646017,126.69312225912336,551.1272149054784,13242.516703918474,64172.2896286151,14297.812924696636
6,2035-06-01,209.0069358447391,9.275900558590473,0.0,2.2758467493305234,178.7260349230071,0.0,2.0681714426419906,18.386020149529426,0.0,0.0,601.6326354589607,15.748713708983258,585.8839217499775,13828.400625668452,64773.92226407406,14313.56163840562
7,2035-07-01,276.8794075456434,194.0706987498072,0.0,54.16750258193397,266.8314287050561,0.0,46.53648080729729,3.691071949493157,0.0,0.0,688.8285894105086,30.664613020390156,658.1639763901185,14486.56460205857,65462.75085348457,14344.22625142601
8,2035-08-01,283.3861963231008,210.49438518005508,0.0,60.06411587748732,570.9949080654686,0.0,51.092826788165894,31.46502283132679,0.0,0.0,673.8483358585695,31.99026750587091,641.8580683526986,15128.422670411266,66136.59918934313,14376.21651893188
9,2035-09-01,79.93205515546562,112.31997201896668,0.0,28.184223395444793,571.0553391619078,0.0,25.366046734526215,15.206303469354403,0.0,0.0,692.1596322060886,24.066020308436237,668.0936118976524,15796.51628230892,66828.75882154923,14400.282539240317
10,2035-10-01,84.78187940715526,343.51716527730326,0.0,59.229227217631454,516.0288402812022,55.78508633580614,21.950218562090697,0.0,0.0,0.0,670.5465566235135,98.51242227366218,572.0341343498513,16368.55041665877,67499.30537817274,14498.794961513979
11,2035-11-01,20.699164238080378,543.6274085892193,0.0,94.87740084466253,422.43100351446134,122.84966963649444,0.24946846817924495,2.609024107869118e-15,0.0,0.0,649.5375106467355,181.72910655141976,467.8084040953158,16836.35882075409,68148.84288881948,14680.524068065399
12,2035-12-01,0.0,1009.2905729687859,0.0,179.83650880932777,242.59449470513357,228.79735166250643,0.0,2.609024107869118e-15,0.0,0.0,708.9403525796192,325.26326255236245,383.6770900272568,17220.03591078135,68857.7832413991,15005.78733061776
1,2036-01-01,0.0,940.7910883328483,0.0,173.8815836559505,68.71291104918308,221.7659546342428,0.0,2.609024107869118e-15,0.0,0.0,768.6498532602603,315.7403364640069,452.90951679625346,17672.9454275776,69626.43309465935,15321.527667081768
2,2036-02-01,4.983129537492003,697.2549062845275,59.53254149732521,68.85537349012694,0.0,164.3188492945202,0.008275286374100688,-1.2510825708744733e-14,0.0,0.0,627.3612102441257,297.3822122297593,329.97899801436637,18002.92442559197,70253.79430490348,15618.909879311526
3,2036-03-01,34.73389378276197,856.1716468220978,155.09758181562336,0.6268828050882291,-3.4416913763379853e-15,201.57729488821704,0.06636272054976189,-1.3322676295501878e-14,0.0,0.0,833.7640527772021,443.5459088452759,390.2181439319262,18393.142569523894,71087.55835768068,16062.455788156802
4,2036-04-01,99.28507090598829,408.0068265173801,72.80608591562432,0.4084437950350974,-6.161737786669619e-15,96.0055930942967,0.01836992745099053,6.696032617270475e-16,0.0,0.0,682.791852648587,218.06167064582587,464.7301820027611,18857.87275152666,71770.35021032927,16280.517458802628
5,2036-05-01,98.30296032730338,366.6321138017508,65.34144405004804,0.4018506885405202,1.27675647831893e-15,86.25390419123808,0.030778246339878024,-6.70991040507829e-15,0.0,0.0,704.9331506511858,197.37215395884726,507.5609966923385,19365.433748218995,72475.28336098045,16477.889612761475
6,2036-06-01,205.38200215336016,10.088578344356105,0.0,2.5742471481617937,1.5013124932710964,0.0,2.3393422424848875,16.59566051199628,0.0,0.0,625.6979408773192,15.84688221239271,609.8510586649264,19975.284806883923,73100.98130185777,16493.73649497387
7,2036-07-01,165.8887687019889,88.22725585733603,0.0,23.956062869204864,36.64495037375424,0.0,21.202432178615243,8.46434385576531,0.0,0.0,716.3817329869288,22.406206413175973,693.9755265737529,20669.260333457678,73817.3630348447,16516.142701387045
8,2036-08-01,281.7191772405569,213.37377520333484,0.0,63.26963889117415,359.17991878537407,0.0,53.84098102057521,35.64987012554777,0.0,0.0,700.8022692929123,32.91158760360682,667.8906816893056,21337.151015146985,74518.16530413761,16549.054288990654
9,2036-09-01,77.65872416684375,114.67766049889084,0.0,29.94846771724811,358.85662000344416,0.0,26.945577695748078,17.796400760222568,0.0,0.0,719.8460174943322,24.626576463040717,695.2194410312915,22032.37045617828,75238.01132163194,16573.680865453694
10,2036-10-01,82.26291471352664,345.45300456819405,0.0,61.945524799113514,301.0312394939065,56.83274749482347,24.46755783628975,0.0,0.0,0.0,697.368418888454,100.83168022850126,596.5367386599528,22628.907194838233,75935.3797405204,16674.512545682195
11,2036-11-01,19.49087358512805,545.5134297348624,0.0,99.01883509500846,203.21474279010647,128.2267010507977,0.24084746256880862,1.5543122344752192e-15,0.0,0.0,673.8812416362491,189.0196368336918,484.8616048025573,23113.76879964079,76609.26098215664,16863.532182515886
12,2036-12-01,0.0,1011.0607530369107,0.0,187.37742396599168,15.837318824114789,238.36795790185764,0.0,1.5543122344752192e-15,0.0,0.0,737.2979666828039,338.24110237957814,399.0568643032258,23512.825663944015,77346.55894883945,17201.773284895466
1,2037-01-01,0.0,943.0006345635169,165.43695993285877,15.837318824114789,0.0,231.17922478094468,0.0,1.5543122344752192e-15,0.0,0.0,799.3958473906707,493.94244059295784,305.4534067977129,23818.27907074173,78145.95479623011,17695.715725488422
2,2037-02-01,4.753388623342029,699.2685594193894,133.7661627913352,0.15631668278035704,7.049916206369744e-15,171.37990308737508,0.014812527572473755,7.499209586647737e-15,0.0,0.0,652.4556586538907,381.1939170051887,271.261741648702,24089.540812390434,78798.41045488401,18076.90964249361
3,2037-03-01,17.99432190701393,884.2368717092934,167.25346203419667,0.24852084659946172,-1.2462253451417382e-14,216.5682807253143,0.02607022523471869,7.827072323607354e-15,0.0,0.0,867.1146148882901,476.017778785316,391.0968361029741,24480.637648493408,79665.5250697723,18552.927421278928
4,2037-04-01,80.73621059748662,389.5593252071325,72.30003196192854,0.39360682834832517,-6.5503158452884236e-15,95.32733714266581,0.022062810074359618,-4.4998726966838376e-15,0.0,0.0,710.1035267545304,216.636848538251,493.46667821627943,24974.10432670969,80375.62859652683,18769.56426981718
5,2037-05-01,84.80391331267906,359.7724962005115,66.6774231763178,0.41635693949379515,-2.1649348980190553e-15,88.0194254395268,0.03769937979699023,5.134781488891349e-15,0.0,0.0,733.1304766772332,201.1058652112522,532.024611465981,25506.128938175672,81108.75907320407,18970.67013502843
6,2037-06-01,219.24285643504876,22.12017119655389,1.7960945131985957,4.073959433251913,0.0,0.0,5.334400456616034,16.060732415910373,0.0,0.0,650.725858512412,18.727239421559243,631.9986190908527,26138.127557266525,81759.48493171648,18989.39737444999
7,2037-07-01,166.12119879512946,107.59903452719175,0.0,30.40194348330651,24.424448852351155,0.0,26.874962916807444,2.5304429380404905,0.0,0.0,745.0370023064061,24.39365820568692,720.6433441007191,26858.770901367243,82504.52193402288,19013.791032655678
8,2037-08-01,277.76910430598343,213.28904915760282,0.0,65.82845993851801,274.98539693050213,0.0,56.000953323536116,27.58484161129912,0.0,0.0,728.8343600646289,33.62065431726664,695.2137057473623,27553.984607114602,83233.35629408751,19047.411686972944
9,2037-09-01,75.39448650217636,117.02591822489528,0.0,31.80610742575728,268.4202655292863,0.0,28.60853552047039,8.797679711081294,0.0,0.0,748.6398581941055,25.216648149696223,723.4232100444093,28277.407817159008,83981.99615228162,19072.62833512264
10,2037-10-01,79.75402587867254,347.3811005019213,0.0,64.78291536903598,207.47191461765848,69.74630360353967,15.277930460543445,3.552713678800501e-15,0.0,0.0,725.2631556439923,115.07352112523384,610.1896345187585,28887.597451677764,84707.2593079256,19187.701856247873
11,2037-11-01,18.287416094787545,547.391906795923,0.0,103.33833947704973,105.25866893640507,133.83043720009013,0.2361870429775763,1.3600232051658168e-15,0.0,0.0,703.4641382184464,196.61908604433856,506.84505217410776,29394.442503851875,85410.72344614405,19384.320942292212
12,2037-12-01,0.0,1012.8238523847631,89.97375957270286,105.25866893640507,0.0,248.3363950350579,0.0,1.3600232051658168e-15,0.0,0.0,766.7898853501162,441.7321477387978,325.0577376113184,29719.500241463196,86177.51333149416,19826.05309003101
1,2038-01-01,0.0,958.7353243127013,192.0410223660045,0.0,0.0,244.4666224293032,0.0,1.3600232051658168e-15,0.0,0.0,831.3716812862975,538.5555747820531,292.81610650424443,30012.316347967448,87008.88501278046,20364.608664813066
2,2038-02-01,0.0,687.8078418760407,136.00267011048467,0.0,0.0,175.25798748425026,0.0,1.3600232051658168e-15,0.0,0.0,678.5538850000463,388.7098522219187,289.8440327781276,30302.160380745576,87687.4388977805,20753.318517034986
3,2038-03-01,17.366050449044167,875.3438567778245,171.9715260217244,0.18788744032224258,1.2212453270876722e-14,222.9543716773742,0.01844493643832834,-1.1036310754164447e-14,0.0,0.0,901.7991994838218,489.40233799167663,412.39686149214515,30714.557242237723,88589.23809726433,21242.720855026662
4,2038-04-01,78.8089069670967,391.6905874903039,75.65425539552676,0.36158275824413977,-5.773159728050814e-15,99.68594439684071,0.019982273463782008,-1.1102230246251565e-16,0.0,0.0,738.5076678247117,225.9035653758415,512.6041024488702,31227.16134468659,89327.74576508904,21468.624420402502
5,2038-05-01,82.71285485942838,362.25043613970945,69.84068141430696,0.41744398585018416,-6.938893903907228e-15,92.1718160461566,0.038348700178062245,6.6405214660392176e-15,0.0,0.0,762.4556957443226,209.9028581294656,552.552837614857,31779.714182301446,90090.20146083337,21678.52727853197
6,2038-06-01,215.31362866130866,22.88147189976765,2.4880388540083787,3.8269255358071326,0.0,0.0,5.738711983203387,15.321319193043394,0.0,0.0,676.7548928529085,19.565551503657048,657.1893413492514,32436.903523650697,90766.95635368628,21698.092830035625
7,2038-07-01,157.23510573672377,103.52996044185772,0.0,30.692527911334828,27.018324915399084,0.0,27.031262509960175,1.1609020963072538,0.0,0.0,774.8384823986622,24.399954835849957,750.4385275628123,33187.34205121351,91541.79483608494,21722.492784871476
8,2038-08-01,283.94067386069645,223.3803537178543,0.0,70.92183670204876,260.92160990264216,0.0,60.58905055177347,20.944844739539988,0.0,0.0,757.987734467214,35.28171581639156,722.7060186508224,33910.04806986433,92299.78257055215,21757.77450068787
9,2038-09-01,80.86625484404722,128.83008066762002,0.0,36.70433456175702,258.55295192758445,1.6163574807903203,31.263711086789925,0.0,0.0,0.0,778.5854525218697,28.313425021491536,750.2720275003782,34660.32009736471,93078.36802307403,21786.08792570936
10,2038-10-01,80.1609536403486,348.21211283663797,0.0,67.53540603080141,194.7217719950122,81.86401869220914,6.772717355645511,8.881784197001252e-16,0.0,0.0,754.273681869752,128.4797762950385,625.7939055747134,35286.11400293942,93832.64170494377,21914.5677020044
11,2038-11-01,23.38878654351454,527.0707390532374,0.0,103.27578704673945,92.83030891093154,133.4486421752582,0.7835680968256611,-1.3655743202889425e-14,0.0,0.0,731.1331963996917,196.3037859544437,534.829410445248,35820.94341338467,94563.77490134347,22110.87148795884
12,2038-12-01,1.4257241949415491,1015.6777770663716,111.44880964716572,92.92958208662532,0.0,259.03828421610257,0.012104398415033302,6.7931771319251766e-15,0.0,0.0,797.4614807641208,477.7050874899744,319.7563932741464,36140.69980665882,95361.23638210759,22588.576575448817
1,2039-01-01,0.0,960.8701101861105,200.18515735523263,0.0,0.0,254.81279782256124,0.0,6.7931771319251766e-15,0.0,0.0,864.6265485377494,560.7293823350335,303.8971662027159,36444.59697286154,96225.86293064534,23149.30595778385
2,2039-02-01,0.0,689.9264902778765,141.8874645991032,0.0,0.0,182.8303192053035,0.0,6.7931771319251766e-15,0.0,0.0,705.6960404000481,404.8650023856701,300.831038014378,36745.42801087592,96931.55897104538,23554.170960169522
3,2039-03-01,16.882393047247994,878.2511077267131,178.99503542263096,0.6618438648697804,-8.104628079763643e-15,232.57198471120654,0.09125318934326287,6.9111383282915995e-15,0.0,0.0,937.8711674631746,509.49703904246724,428.3741284207074,37173.802139296626,97869.43013850856,24063.66799921199
4,2039-04-01,76.88931255122833,393.8133247243427,78.6359561600506,0.8498233563719992,-3.3306690738754696e-16,104.16156903180357,0.09459044255306992,3.885780586188048e-16,0.0,0.0,768.0479745377002,234.9838676610317,533.0641068766685,37706.8662461733,98637.47811304625,24298.65186687302
5,2039-05-01,80.63016063999069,364.7184643191506,72.2501115069071,1.3161574807863161,-3.9968028886505635e-15,96.39079935142043,0.16113317584863296,-5.412337245047638e-15,0.0,0.0,792.9539235740955,218.0799327692743,574.8739908048212,38281.74023697811,99430.43203662035,24516.731799642293
6,2039-06-01,211.40011779866347,23.639727400168574,1.650495520407338,5.134706011460352,0.0,0.0,6.166039099472524,20.74544946743976,0.0,0.0,703.8250885670247,18.88270795150269,684.9423806155221,38966.68261759364,100134.25712518737,24535.614507593797
7,2039-07-01,151.07762928286547,103.14319702575489,0.0,31.589657794360875,22.79914031366632,0.0,27.87942424925135,10.251745159079661,0.0,0.0,805.8320216946087,24.73943238373237,781.0925893108763,39747.77520690452,100940.08914688199,24560.35393997753
8,2039-08-01,282.5541925053235,226.08170707098284,0.0,74.52909203312043,275.28023040311325,0.0,63.70955914372117,29.145027173291403,0.0,0.0,788.3072438459025,36.348063301419764,751.9591805444827,40499.734387448996,101728.3963907279,24596.702003278948
9,2039-09-01,78.01795437109298,130.55049602737145,0.0,38.71761228716847,273.0668240932014,0.0,34.668848068141706,4.971109032024401,0.0,0.0,809.7288706227445,27.32740273121275,782.4014678915318,41282.13585534052,102538.12526135064,24624.029406010162
10,2039-10-01,78.01009785378722,350.4787975412914,0.0,70.69402845435307,206.0585047743507,80.59982497499693,12.182440040337312,3.552713678800501e-15,0.0,0.0,784.444629144542,128.69424757402584,655.7503815705161,41937.886236911036,103322.56989049519,24752.723653584188
11,2039-11-01,21.892281801340488,528.7455312770244,0.0,107.76792122707404,99.51603987111018,139.33346867475143,0.7132341101090844,3.1086244689504383e-15,0.0,0.0,757.6921009329817,204.26096266921576,553.4311382637659,42491.3173751748,104080.26199142817,24956.984616253405
12,2039-12-01,1.3165436981617875,1017.3189307181061,113.29939398495252,99.60917217231814,0.0,269.83646869913525,0.011888389594389537,1.4512696600021968e-14,0.0,0.0,829.3599399946855,494.1975441534517,335.16239584123383,42826.47977101604,104909.62193142285,25451.182160406857
1,2040-01-01,0.0,963.0806767253662,208.69127103968626,0.0,0.0,265.61644914087947,0.0,1.4512696600021968e-14,0.0,0.0,899.2116104792593,583.8854895108291,315.32612096843025,43141.80589198447,105808.83354190212,26035.067649917688
2,2040-02-01,0.0,691.952344276765,148.00384002011464,0.0,0.0,190.70238862289636,2.842170943040401e-14,-1.390901283038204e-14,0.0,0.0,733.92388201605,421.65828166006554,312.2656003559845,43454.07149234045,106542.75742391817,26456.725931577752
3,2040-03-01,16.400670275058985,881.1467296718064,186.75427213628768,0.7223430293769013,-5.662137425588298e-15,242.66012324598026,0.10885355447700817,-8.895661984809067e-15,0.0,0.0,975.3860141617015,530.9459748843874,444.4400392773141,43898.51153161776,107518.14343807987,26987.67190646214
4,2040-04-01,74.92834861261625,395.87852310903827,82.29876574982441,0.800850139336319,-3.885780586188048e-15,108.90384422871261,0.0911954584955339,-2.67841304690819e-15,0.0,0.0,798.7698935192082,245.07921559035202,553.6906779288561,44452.202209546616,108316.91333159908,27232.75112205249
5,2040-05-01,78.55579719743066,367.17662038587406,75.74739591419139,1.2771842221434184,3.552713678800501e-15,100.92847425586655,0.1623132286626543,4.551914400963142e-15,0.0,0.0,824.6720805170593,227.73385217048343,596.9382283465759,45049.1404378932,109141.58541211614,27460.484974222974
6,2040-06-01,207.50226097946867,24.394949878567918,2.3038767407595904,4.978171585064285,0.0,0.0,6.617547686740399,20.233472474050696,0.0,0.0,731.9780921097058,19.699543062592006,712.2785490471138,45761.41898694031,109873.56350422585,27480.184517285565
7,2040-07-01,256.6523966426963,209.08911407010154,0.0,68.25075367768795,74.6822771958924,2.2014629793867257,57.437213620287665,0.0,0.0,0.0,838.0653025623931,37.73471889230784,800.3305836700853,46561.7495706104,110711.62880678824,27517.919236177873
8,2040-08-01,272.7570775531374,229.93881154247137,0.0,79.33134435849195,297.33106208530455,0.0,67.75310261611972,18.748434171071565,0.0,0.0,819.8395335997386,37.58076649620102,782.2587671035376,47344.008337713945,111531.46834038798,27555.500002674074
9,2040-09-01,73.45953447731318,132.9434877037068,0.0,40.79969442556592,291.93768240351864,4.240144543746666,32.39802025766487,0.0,0.0,0.0,842.1180254476542,32.29564323442112,809.822382213233,48153.83071992717,112373.58636583562,27587.795645908496
10,2040-10-01,75.867845490372,352.7364155071263,0.0,73.99538204442113,222.7988705303265,87.02543524740416,10.089686027505138,-3.552713678800501e-15,0.0,0.0,815.8224143103237,136.665340445845,679.1570738644787,48832.98779379165,113189.40878014595,27724.46098635434
11,2040-11-01,20.401763078135094,530.4136243319164,0.0,112.452682695335,111.90619739601476,145.1385041378871,0.9712269752729981,1.0658141036401503e-14,0.0,0.0,785.762895874259,212.22691025383517,573.5359856204238,49406.523779412084,113975.17167602021,27936.687896608175
12,2040-12-01,1.2077999233691379,1018.9535197552337,109.79874049900799,111.9930019765073,0.0,281.0822005952401,0.011594879264350766,3.615163723935666e-15,0.0,0.0,862.534337594473,505.94561197659374,356.5887256178792,49763.11250502997,114837.70601361469,28442.633508584768
